Domain,Sub domain,Intent,value,0,1,2,3,4,5,6,7,8,9,y_hat
About Techology,Data Security & Privacy,sensitive_data_storage,I am hopeful that my personal data will not persist to your cloud.,-3.5332904,-2.971164,-3.1145604,-3.2494907,2.1985555,-3.288588,-3.402572,-3.2843678,-3.8884168,-3.365502,4
About Techology,Data Security & Privacy,data_security,Where are you store my information?,-3.221437,-3.5608099,2.214817,-3.1576967,-3.262542,-3.27422,-3.4964707,-3.5939806,-3.2699895,-3.487317,2
About Techology,iAM SMART Integration,data_exchange_iamsmart,We do not want to share our personal information with iAMSMART.,-3.688661,-2.9930315,-3.2350748,1.870935,-3.2575402,-3.3318586,-3.3208897,-3.4579866,-3.5623202,-3.1794982,3
About Techology,iAM SMART Integration,Without_iamsmart,"I have no i AM SMART account, can I still utilize your service?",-3.2111423,2.14389,-3.6137333,-3.1020267,-3.047388,-3.2773898,-3.4891896,-3.2213683,-3.528157,-3.4562366,1
About Techology,iAM SMART Integration,data_exchange_iamsmart,"I am not looking for data exchange for i am smart, are you sure?",-4.368295,-2.3687735,-3.3776426,1.0415543,-3.2301025,-3.6042314,-3.713084,-3.8317602,-4.0798297,-3.5727482,3
About Techology,iAM SMART Integration,Without_iamsmart,Could I still sign up to use your service if I don't have an iAMSMART account?,-3.1757798,2.1331487,-3.5658739,-3.2193403,-3.0860858,-3.3327804,-3.3079674,-3.3089683,-3.4691126,-3.4929817,1
About Techology,Data Security & Privacy,sensitive_data_storage,Are You storing My Personal Data?,-3.484165,-3.0422983,-3.0207806,-3.3734818,2.2198112,-3.2367158,-3.4857953,-3.2412758,-3.810827,-3.2762983,4
About Business Component,Overall,Service_Summary,Say More About Your Service,-3.1070545,-3.3055704,-3.5414681,-3.1841369,-3.2036777,-3.3667102,-3.455943,-3.1988227,-2.9931033,2.0310917,9
About Techology,Data Security & Privacy,sensitive_data_storage,Do My Personal Data be Stored on Your Cloud?,-3.4098814,-3.102469,-3.0954776,-3.3650324,2.192768,-3.256111,-3.5150166,-3.2512653,-3.8073766,-3.224516,4
About Techology,iAM SMART Integration,Without_iamsmart,I don¡¦t want to register an iAM SMART account¡Xwhat do I can do if so?,-3.2184722,2.0293152,-3.5505486,-2.975401,-3.2712317,-3.4704094,-3.4013991,-3.3628824,-3.5496244,-3.538968,1
About Techology,Data Security & Privacy,data_security,Is it going to get my info even if I don¡¦t use the iAMSMART service?,-3.974571,-3.1692443,1.2030079,-2.833347,-3.2076888,-3.748269,-3.5613866,-4.0750704,-3.8736618,-3.8224008,2
About Business Component,Overall,Doubt_usefulness,What Are The Advantages Of Using Fill Easy?,-3.09312,-3.3894527,-3.2873816,-3.4297316,-3.7765875,-3.437458,-3.0058405,-3.283096,1.9603732,-3.2538042,8
About Techology,Data Security & Privacy,data_security,Will iAM SMART capture my information even in case I do not use the iAM SMART service?,-3.3297787,-3.4498057,2.086898,-3.2256682,-3.4448493,-3.2984107,-3.3839557,-3.6547854,-3.2882566,-3.5500932,2
About Business Component,Overall,Service_Summary,Do You Only offer a Form Filling Service?,-3.2161787,-3.2740886,-3.36923,-3.2103262,-3.21877,-3.3440785,-3.4620173,-3.2506487,-3.0731459,2.0045009,9
About Techology,iAM SMART Integration,Without_iamsmart,Can I still subscribe to use your service if I do not have an IAMSMART account?,-3.2007568,2.148166,-3.5281785,-3.1788692,-3.0349748,-3.3436308,-3.3123832,-3.3409436,-3.492938,-3.5022848,1
About the team,Our Contact,Contact_method,How do I contact for your company?,-3.3349862,-3.4305887,-3.4960933,-3.2040086,-3.5360966,2.1569536,-3.3373592,-3.2338538,-3.484874,-3.508093,5
About Business Component,Overall,Doubt_usefulness,Make me a reason to use your service.,-3.2199595,-3.385776,-3.2761915,-3.4350915,-3.7190716,-3.3526347,-3.0005786,-3.1715178,2.0248659,-3.2019157,8
About Techology,iAM SMART Integration,Without_iamsmart,"I want to use the service, but I do not have a iAMSMART acc.",-3.2299662,2.1301239,-3.5426624,-3.2018442,-2.9980898,-3.3248837,-3.3528519,-3.2988884,-3.491679,-3.4923098,1
About Techology,iAM SMART Integration,data_exchange_iamsmart,"If I do use the iAMSMART, will I share every entry with them as well?",-3.8551557,-2.7641683,-3.0231473,1.9169813,-3.379808,-3.2336779,-3.2228105,-3.5884848,-3.5646505,-3.2010522,3
About Business Component,Overall,Flow_summary,But how does it work?,-3.2253604,-3.295832,-3.4437213,-3.3687055,-3.115908,-2.9344933,-3.447998,2.0196366,-3.0510645,-3.3206685,7
About Techology,AI Techology,AI_summary,Can Machine Learning Technology Really Help When I Use Fill-Easy?,1.9748167,-3.2051525,-3.173173,-3.6402738,-3.5156455,-3.254437,-3.2700217,-3.207689,-2.9100122,-3.0817726,0
About Business Component,Overall,Doubt_usefulness,Tell Me Brief the Pro of Your Service,-3.1612802,-3.3747442,-3.3343413,-3.341801,-3.768954,-3.404065,-3.0706468,-3.2339046,1.9867721,-3.1771472,8
About Business Component,Filling ,Information_saving,Does that need me to give the same information again if I use your service for the second time?,-3.412526,-3.3302412,-3.097879,-3.4261837,-3.319702,-3.2569122,2.1772914,-3.523545,-2.9770446,-3.5905726,6
About Techology,AI Techology,AI_summary,How does Fill-Easy integrate ML technology?,1.963857,-3.1543431,-3.184788,-3.515482,-3.5284002,-3.2296534,-3.3139489,-3.1965425,-3.0768661,-3.0913646,0
About Business Component,Overall,Service_Summary,introduce us to your business,-3.1136339,-3.3725872,-3.43994,-3.1407576,-3.2528527,-3.3890293,-3.440141,-3.2658205,-3.0472696,2.007271,9
About Techology,Data Security & Privacy,data_security,Do you sell my data to other companies?,-3.2138417,-3.5297875,2.2126358,-3.1625538,-3.3821232,-3.2755194,-3.4558887,-3.5364223,-3.2689247,-3.4778438,2
About Techology,iAM SMART Integration,data_exchange_iamsmart,Will IAMSMART receive all my personal information?,-3.6880703,-3.0352085,-3.0975893,1.9566653,-3.2345867,-3.2918658,-3.3638628,-3.387266,-3.4387503,-3.1211576,3
About Business Component,Overall,Service_Summary,We want to know more about the services you provide.,-3.130595,-3.3176486,-3.415329,-3.115695,-3.197423,-3.38193,-3.430723,-3.2835174,-3.07657,2.0495822,9
About the team,Our Contact,Contact_method,How can we find your contacts?,-3.4060524,-3.4460986,-3.4683373,-3.2070727,-3.615709,2.0914717,-3.3775215,-3.267842,-3.4606676,-3.5734036,5
About Techology,AI Techology,AI_summary,Talk me more about Machine Learning in your business,1.9752496,-3.1880736,-3.2210631,-3.556441,-3.4511926,-3.2030473,-3.3450603,-3.1586215,-3.064699,-3.0156322,0
About Techology,iAM SMART Integration,Without_iamsmart,Can your service be functional without an iAM SMART account?,-3.1603584,2.1109204,-3.5299218,-3.2035172,-3.0547163,-3.3724134,-3.379692,-3.3563085,-3.4701962,-3.5154846,1
About Business Component,Overall,Service_Summary,tell me more about your service,-3.1341305,-3.2757668,-3.441329,-3.1244216,-3.2128875,-3.3518167,-3.450646,-3.2285306,-3.0210085,2.0724878,9
About Business Component,Overall,Service_Summary,Which service would I receive?,-3.1352477,-3.2988613,-3.3819723,-3.131126,-3.149788,-3.3775923,-3.46449,-3.2812088,-3.1005576,2.052857,9
About Business Component,Overall,Service_Summary,Want to learn more about the services you provide,-3.1238778,-3.3504305,-3.4700704,-3.203445,-3.2938888,-3.5519447,-3.4454224,-3.1869516,-3.1094859,1.9440303,9
About the team,Our Contact,Contact_method,What is the contact method for your company?,-3.3615499,-3.436784,-3.4353702,-3.2052844,-3.5610769,2.1476595,-3.3741267,-3.3131213,-3.419703,-3.490569,5
About Techology,iAM SMART Integration,Without_iamsmart,Is it possible to utilize Fill Easy without i AM SMART?,-3.1647284,2.1863222,-3.5693753,-3.1795113,-3.0417378,-3.3076408,-3.316091,-3.2357435,-3.4088426,-3.514546,1
About Business Component,Filling ,Information_saving,What should I do if I need to save the filled-in data?,-3.5311322,-3.245295,-3.173739,-3.347054,-3.0671175,-3.255561,2.2201288,-3.4787068,-3.0696366,-3.5300877,6
About Techology,Data Security & Privacy,sensitive_data_storage,Will my ID number been stored on your server?,-3.477527,-3.068014,-3.0018525,-3.331814,2.2239573,-3.2657828,-3.4704037,-3.2462537,-3.7965093,-3.307729,4
About Techology,iAM SMART Integration,Without_iamsmart,Can I use the form-fill function without an iAMSMART account,-3.15417,2.1351755,-3.5516872,-3.2273214,-3.120463,-3.3579264,-3.339933,-3.2563663,-3.431357,-3.4790745,1
About Techology,iAM SMART Integration,data_exchange_iamsmart,Is iAM SMART going to know the detail of my banking details?,-3.7104864,-3.2232883,-3.1101508,1.791824,-3.3653061,-3.3922935,-3.165489,-3.4808567,-3.5655408,-3.1620686,3
About Business Component,Overall,Service_Summary,introduces me to your business,-3.1945899,-3.4365342,-3.4778717,-3.1486814,-3.2065423,-3.329632,-3.4685242,-3.2594173,-3.0915682,1.969529,9
About Business Component,Overall,Doubt_usefulness,Tell Me The Advantage Of Your Service,-3.1631577,-3.4419525,-3.330835,-3.4289913,-3.7321205,-3.473876,-3.0669694,-3.2174551,1.9300158,-3.2077708,8
About Business Component,Filling ,Information_saving,Do I have to fill two times in the same field?,-3.5434506,-3.2647338,-3.1549056,-3.3843515,-3.2438166,-3.2539573,2.1107461,-3.5561981,-3.1172366,-3.6365027,6
About Business Component,Overall,Doubt_usefulness,Gave me a reason why I should use your service?,-3.1644633,-3.3214364,-3.241625,-3.4058156,-3.6832564,-3.3520284,-2.9984417,-3.273496,2.0517678,-3.168841,8
About Techology,iAM SMART Integration,data_exchange_iamsmart,Will you exchange my data with iAM SMART?,-3.7467558,-3.0856597,-2.9929595,1.897868,-3.199405,-3.371418,-3.1789186,-3.5948513,-3.5608296,-3.1509976,3
About Business Component,Filling ,Information_saving,Will your system remember the information so that I¡¦ll not need to send it again?,-3.6150315,-3.2832546,-3.2585745,-3.4763908,-3.1418946,-3.0911877,2.072759,-3.4838212,-3.1460273,-3.7171216,6
About the team,Our Contact,Contact_method,How can I be able to reach you guys?,-3.418281,-3.4047408,-3.4680767,-3.232593,-3.560499,2.0893872,-3.317623,-3.303325,-3.452487,-3.6414928,5
About the team,Our Contact,Contact_method,How could I get you guys?,-3.2920356,-3.4712162,-3.4226854,-3.2194262,-3.6236796,2.1358044,-3.3621917,-3.2696052,-3.3683732,-3.557481,5
About Techology,AI Techology,AI_summary,How is FillEasy integrated with AI technology?,1.9930904,-3.1643,-3.1233227,-3.4937062,-3.5339012,-3.1587207,-3.3637824,-3.2033567,-3.0865614,-3.0554938,0
About the team,Our Contact,Contact_method,So what is the contact method for your company?,-3.391492,-3.4151828,-3.455409,-3.193538,-3.55869,2.147392,-3.3711417,-3.2992773,-3.425301,-3.5134923,5
About Techology,AI Techology,AI_summary,How did FillEasy integrate Artificial Intelligence technology?,1.9760438,-3.222568,-3.104853,-3.4703472,-3.5195298,-3.2030468,-3.3177874,-3.2374227,-3.0684469,-3.0650308,0
About the team,Our Contact,Contact_method,How can I find your contacts?,-3.3882992,-3.4289505,-3.4802778,-3.204514,-3.6067214,2.105295,-3.3595722,-3.2589989,-3.4553726,-3.5870006,5
About Techology,iAM SMART Integration,data_exchange_iamsmart,We don¡¦t want to share our personal information with iAMSMART.,-3.713507,-2.9797256,-3.26481,1.8430005,-3.2791066,-3.2985804,-3.3298523,-3.46187,-3.6129754,-3.2054534,3
About Techology,Data Security & Privacy,sensitive_data_storage,I hope my data will not be persistent in your cloud.,-3.5126355,-2.956215,-3.1354444,-3.3598485,2.1883328,-3.2147038,-3.2737565,-3.282652,-3.8552287,-3.4190028,4
About Techology,Data Security & Privacy,data_security,Will others be possible to access my personal data?,-3.7905653,-3.9479501,1.3656815,-3.1588306,-2.7263157,-3.4388697,-3.627026,-3.9835815,-3.8788798,-3.7273529,2
About Techology,AI Techology,AI_summary,Will AI assist in your business?,1.8894707,-3.208343,-3.2433846,-3.5916226,-3.4725366,-3.2307596,-3.3817525,-3.1845627,-3.1556275,-3.0270035,0
About Business Component,Overall,Doubt_usefulness,tell me shortly the pros of your service,-3.2285573,-3.3879411,-3.2866783,-3.3582802,-3.7577236,-3.3625143,-3.0926647,-3.2150087,1.9717975,-3.2034738,8
About Business Component,Overall,Service_Summary,Can you say what you do?,-3.1316445,-3.3457596,-3.5387106,-3.2463026,-3.3026085,-3.4789393,-3.4234567,-2.866764,-3.0676394,2.0306926,9
About Techology,iAM SMART Integration,Without_iamsmart,Are I possible to make use of FillEasy without iAM SMART?,-3.213634,2.1645346,-3.5172422,-3.036859,-3.100097,-3.36087,-3.2846806,-3.3342285,-3.4813037,-3.5415106,1
About Business Component,Filling ,Information_saving,Is it going to be my system that will remember my information so that I won¡¦t have to provide them again?,-3.6173384,-3.395972,-3.2071261,-3.2956355,-3.2590795,-3.0673916,1.9886677,-3.5286913,-3.240149,-3.7679932,6
About Business Component,Overall,Flow_summary,What do we do to work?,-3.1648042,-3.2836275,-3.454204,-3.3921795,-3.2352958,-2.9859521,-3.536185,1.98327,-3.0721729,-3.2192166,7
About Techology,Data Security & Privacy,data_security,Will my information be passed over to other companies without my consent?,-3.2417011,-3.515233,2.1767335,-3.1858747,-3.3090816,-3.3304708,-3.5361283,-3.5769582,-3.2711098,-3.5134242,2
About Business Component,Filling ,Information_saving,Will your system remember my information so I won't have to provide it again?,-3.4217968,-3.2511523,-3.149111,-3.4477994,-3.1467404,-3.205381,2.2289648,-3.508187,-3.0586755,-3.5470672,6
About Business Component,Overall,Doubt_usefulness,How many times could I save with your service?,-3.2701511,-3.3937144,-3.2922552,-3.4478362,-3.68725,-3.3144314,-2.892303,-3.22182,1.9991301,-3.2666957,8
About Techology,iAM SMART Integration,Without_iamsmart,Could your service work without a iAMSMART account?,-3.1690614,2.133511,-3.5795958,-3.2300363,-3.0063672,-3.3473172,-3.3453417,-3.3050256,-3.4378924,-3.5043051,1
About the team,Our Contact,Contact_method,I¡¦m want to be in touch.,-3.4704897,-3.488394,-3.4959025,-3.1710088,-3.5424342,2.0476215,-3.3992643,-3.3701677,-3.5013824,-3.5234954,5
About Techology,AI Techology,AI_summary,How does the your system integrate Machine Learning technology?,1.9452933,-3.1901095,-3.183129,-3.5737004,-3.5219803,-3.2199545,-3.3825138,-3.0995948,-3.1381593,-3.0573504,0
About Business Component,Filling ,Information_saving,I don't want to repeat to enter the same information.,-3.4585285,-3.2888389,-3.1869512,-3.3460913,-3.3642857,-3.2712002,2.17674,-3.324299,-3.0862722,-3.5557585,6
About Techology,Data Security & Privacy,sensitive_data_storage,Will my ID numbers be stored on your server?,-3.468918,-3.0818784,-3.0111146,-3.3476994,2.201806,-3.3036225,-3.471356,-3.2681677,-3.8337924,-3.277834,4
About Techology,Data Security & Privacy,data_security,Should government be able to access my information?,-3.1585228,-3.4996073,2.1969264,-3.2187107,-3.3607972,-3.3532379,-3.4635565,-3.563586,-3.2861934,-3.4932752,2
About Techology,iAM SMART Integration,Without_iamsmart,"I don¡¦t have an iAM SMART account, can I still make use of your service?",-3.214537,2.100116,-3.5404634,-3.1515572,-3.0960093,-3.3613262,-3.4237514,-3.294669,-3.5452309,-3.492747,1
About Techology,AI Techology,AI_summary,Why do you use AI in your service?,1.990008,-3.187716,-3.1683152,-3.5848925,-3.482676,-3.1596463,-3.324545,-3.2336447,-3.041354,-3.0275583,0
About Techology,Data Security & Privacy,sensitive_data_storage,Do my ID numbers be saved on your server?,-3.463381,-3.0953488,-3.0173037,-3.3926783,2.1877813,-3.3062248,-3.4609294,-3.277855,-3.8257074,-3.2518296,4
About the team,Our Contact,Contact_method,Where can I find your contacts?,-3.4112709,-3.4685102,-3.4720774,-3.225969,-3.5825675,2.0848982,-3.3808975,-3.3174207,-3.4318018,-3.5626628,5
About Techology,iAM SMART Integration,Without_iamsmart,What is the result of Fill-Easy without iAMSMART?,-3.2019897,2.0711403,-3.5751731,-3.0439782,-3.2688148,-3.3892388,-3.3483474,-3.3439822,-3.4160943,-3.5257661,1
About Techology,iAM SMART Integration,Without_iamsmart,Is it possible to use the Fill Easy without iAMSMART?,-3.1464555,2.1545231,-3.5584104,-3.2127285,-3.1213953,-3.3404713,-3.2664042,-3.26922,-3.3953195,-3.5135167,1
About Business Component,Overall,Service_Summary,What kind of services are you offering?,-3.0760226,-3.3115344,-3.3666925,-3.0881033,-3.19621,-3.3887823,-3.4889638,-3.2895343,-3.0659924,2.065104,9
About Business Component,Filling ,Information_saving,Do I need to provide the very information again if I use your service for the second time?,-3.4735887,-3.38453,-3.1869187,-3.3904982,-3.4055593,-3.2969697,2.1022751,-3.5060096,-2.9572232,-3.5898387,6
About Business Component,Overall,Flow_summary,"So, how do I undertake the process?",-3.3032243,-3.2046502,-3.4214144,-3.322785,-3.1552563,-2.9124177,-3.4444127,2.0471961,-3.1084144,-3.191149,7
About Business Component,Overall,Flow_summary,I do not know what to do to use your service.,-3.1994507,-3.1979723,-3.459563,-3.3844151,-3.143692,-2.962706,-3.4532833,2.0458796,-3.0341148,-3.2826095,7
About Techology,Data Security & Privacy,data_security,Will other parties get to access my information?,-3.2422783,-3.5662344,2.180159,-3.2095973,-3.4019127,-3.271998,-3.4425185,-3.5274963,-3.310613,-3.4779916,2
About the team,Our Contact,Contact_method,How to send the email if I want to be in touch?,-3.3488164,-3.4171743,-3.4376683,-3.2053568,-3.4981136,2.1727607,-3.3081818,-3.3268397,-3.4306445,-3.5321321,5
About the team,Our Contact,Contact_method,What is your office address?,-3.3395965,-3.4697094,-3.4526243,-3.2145686,-3.565247,2.142159,-3.395377,-3.2517061,-3.402263,-3.5253594,5
About Techology,iAM SMART Integration,Without_iamsmart,"I don¡¦t have an iAMSMART account, can I still use your service?",-3.2070355,2.1389678,-3.5636575,-3.1683505,-3.0720186,-3.3066795,-3.37388,-3.2702885,-3.5080597,-3.5079372,1
About Techology,Data Security & Privacy,data_security,Are you willing to sell my data?,-3.242636,-3.512851,2.1874099,-3.2302084,-3.318056,-3.356296,-3.465971,-3.6326196,-3.173655,-3.4998956,2
About Business Component,Overall,Doubt_usefulness,So why should We Use Your Service?,-3.1614819,-3.3612728,-3.2561595,-3.436072,-3.728928,-3.3733826,-3.0318818,-3.23807,2.0121772,-3.204046,8
About the team,Our Contact,Contact_method,Can I go to Your office?,-3.3577528,-3.439426,-3.433613,-3.2563486,-3.54698,2.1202679,-3.3675704,-3.3183405,-3.4208264,-3.5219433,5
About the team,Our Contact,Contact_method,Can I leave to your office?,-3.411771,-3.4852993,-3.4330118,-3.2443717,-3.6178565,2.064673,-3.3818116,-3.3210812,-3.434775,-3.5870433,5
About Techology,AI Techology,AI_summary,How can ML improve My experience as I am using your service?,1.9425627,-3.083745,-3.179037,-3.5182526,-3.5893848,-3.2443752,-3.3706725,-3.1055942,-3.1487825,-3.118114,0
About Business Component,Filling ,Information_saving,What do I do if I want to save the filled-in data?,-3.530459,-3.259045,-3.1892774,-3.3186867,-3.104545,-3.2288415,2.1943848,-3.4845176,-3.0992868,-3.5576363,6
About Business Component,Overall,Doubt_usefulness,What goods can you offer to me?,-3.7769275,-4.409516,-3.6110964,-3.9817543,-3.983065,-3.9249883,-3.9345708,-3.549186,-0.15403669,-1.8064908,10
About Business Component,Overall,Service_Summary,What kind of service you are offering?,-3.0602572,-3.3182669,-3.4233868,-3.1386364,-3.2119398,-3.3567843,-3.4925075,-3.2592974,-3.0352802,2.0596168,9
About Business Component,Overall,Doubt_usefulness,How much money could I save with your service?,-3.1862373,-3.3519268,-3.237608,-3.3890114,-3.6925964,-3.3442771,-3.0758162,-3.225714,2.027971,-3.1980398,8
About Techology,Data Security & Privacy,data_security,Will my data be transmitted to the government?,-3.2313013,-3.5900362,2.1685534,-3.1650124,-3.310723,-3.2784595,-3.5222268,-3.5642614,-3.3423011,-3.526388,2
About Techology,AI Techology,AI_summary,How does FillEasy integrate AI technology?,1.9774803,-3.2290602,-3.1324697,-3.5091467,-3.536096,-3.179942,-3.3409476,-3.2060683,-3.0523107,-3.0526235,0
About Techology,iAM SMART Integration,data_exchange_iamsmart,Will My Bank Account No. Be Leaked to IAMSMART?,-3.7571652,-2.8904085,-3.149052,1.8816894,-3.3298082,-3.207933,-3.4383357,-3.4225256,-3.6188097,-3.185977,3
About Techology,Data Security & Privacy,sensitive_data_storage,Are the information I filled on stored?,-3.5345278,-3.1549587,-3.0477943,-3.4630473,2.1036403,-3.1837206,-3.48253,-3.3027873,-3.8421779,-3.2582848,4
About Business Component,Overall,Service_Summary,I do not know which service you offer,-3.1864846,-3.3038266,-3.4442496,-3.1451454,-3.1643867,-3.3996124,-3.4546318,-3.228469,-3.1076462,2.0288851,9
About Business Component,Overall,Flow_summary,I do not know to use your service.,-3.4283316,-3.3067954,-3.517836,-3.3832798,-3.1408286,-2.932509,-3.4029627,1.9131972,-2.924366,-3.4934328,7
About Techology,iAM SMART Integration,data_exchange_iamsmart,Will My Bank Account Number be Leaked to iAMSMART?,-3.637334,-3.0685313,-3.089854,1.9742292,-3.280645,-3.1802227,-3.3442907,-3.3648634,-3.481526,-3.0937498,3
About Techology,Data Security & Privacy,data_security,Are My Data Transmitted to Other Companies without My Consent?,-3.1900768,-3.5415473,2.18067,-3.2197511,-3.2994142,-3.348676,-3.520777,-3.5822277,-3.2400181,-3.525295,2
About Business Component,Overall,Service_Summary,Talk to Me more about Your Service,-3.1527085,-3.2849762,-3.4851623,-3.099937,-3.2311692,-3.2894046,-3.450077,-3.2100887,-3.0493848,2.0699058,9
About Techology,iAM SMART Integration,data_exchange_iamsmart,Will IAMSMART receive all my personal data?,-3.695357,-3.041462,-3.1261542,1.9452881,-3.2154322,-3.2949927,-3.3690667,-3.3793597,-3.434152,-3.1328077,3
About Business Component,Filling ,Information_saving,Will your device remember my information so I won¡¦t need to fill it in twice?,-3.462374,-3.3454096,-3.1619503,-3.4405143,-3.219595,-3.2604327,2.174508,-3.4848456,-3.0248132,-3.5634286,6
About Business Component,Overall,Service_Summary,What Service would I receive?,-3.1313813,-3.294293,-3.397948,-3.1338272,-3.216892,-3.3851335,-3.4552,-3.2489293,-3.0608766,2.0535796,9
About Techology,iAM SMART Integration,data_exchange_iamsmart,Can I stop sharing the data with iAM SMART?,-3.6526625,-2.9688613,-3.135824,1.9691944,-3.3281922,-3.2204475,-3.3366497,-3.474098,-3.4540298,-3.0774815,3
About Techology,iAM SMART Integration,Without_iamsmart,I can use the fill form function without a IAMSMART account,-3.186306,2.1505842,-3.5600827,-3.2274942,-3.0538037,-3.3630457,-3.3175125,-3.2381148,-3.434952,-3.4732351,1
About Techology,iAM SMART Integration,data_exchange_iamsmart,"I don¡¦t want to share my data with iAM SMART, is it possible?",-3.6969037,-3.0163505,-3.0195906,1.9298259,-3.3425546,-3.3136437,-3.320875,-3.4570029,-3.490018,-3.1531029,3
About Business Component,Overall,Service_Summary,Please give me an introduction into your business.,-3.168502,-3.3622544,-3.4046726,-3.1225185,-3.227528,-3.3191004,-3.496389,-3.2078474,-3.108755,2.0368495,9
About Techology,AI Techology,AI_summary,Tell me about AI in your business.,1.9052014,-3.2170484,-3.29339,-3.5828235,-3.5042522,-3.124518,-3.455862,-3.1344652,-3.1258388,-3.0156398,0
About the team,Our Contact,Contact_method,Where Should I Send My E-Mail When I want to be in touch?,-3.3467004,-3.5510502,-3.4879024,-3.156683,-3.4936264,2.0789614,-3.3129835,-3.398944,-3.4580054,-3.5996609,5
About Techology,iAM SMART Integration,Without_iamsmart,"I don't have an iAMSMART account, can I still make use of your service?",-3.16822,2.150408,-3.5636725,-3.1770701,-3.0626044,-3.317372,-3.3792539,-3.2844496,-3.5102506,-3.4753616,1
About Business Component,Overall,Service_Summary,Not know which service you offer,-3.1337736,-3.2608144,-3.4701085,-3.1773453,-3.1736186,-3.3696072,-3.447962,-3.2003598,-3.0738673,2.0622156,9
About Techology,iAM SMART Integration,Without_iamsmart,I'm not interested in logging up a iamsmart account. What do I get if so?,-3.293008,2.0457113,-3.669623,-3.0688615,-2.9870298,-3.391552,-3.4001498,-3.4191399,-3.5495238,-3.516659,1
About Techology,Data Security & Privacy,sensitive_data_storage,Does my personal information be cacheed in your cloud?,-3.4099734,-3.0012538,-3.145637,-3.3497741,2.2087119,-3.2788417,-3.4644046,-3.2597353,-3.8314424,-3.2655752,4
About Business Component,Overall,Doubt_usefulness,Give me reasons for the use of your service.,-3.196373,-3.3709073,-3.2674809,-3.401173,-3.6738484,-3.3081853,-3.009939,-3.2194417,2.057232,-3.1453924,8
About Business Component,Overall,Flow_summary,What is the methods to use your form filling service?,-3.2140734,-3.3266811,-3.467968,-3.3492804,-3.2160487,-2.8248525,-3.6188066,2.008434,-3.0558262,-3.2383761,7
About Business Component,Overall,Doubt_usefulness,What profits do you bear to me?,-3.3342412,-3.5782666,-3.308882,-3.48533,-3.78307,-3.7188628,-3.1123638,-3.3748777,1.7151732,-2.9549704,8
About Business Component,Filling ,Information_saving,Are you going to capture my data after I closed the website?,-3.360313,-3.4094765,-3.1927896,-3.4276562,-3.233046,-3.327894,2.134987,-3.427047,-2.981386,-3.631425,6
About Business Component,Overall,Flow_summary,"So, what will I do to work?",-3.250338,-3.2569268,-3.5043943,-3.3464565,-3.225943,-2.8421693,-3.4862187,2.0197952,-3.040485,-3.2844412,7
About Techology,iAM SMART Integration,Without_iamsmart,tell me how to use your site without using i AM SMART,-3.267346,2.107113,-3.5798714,-3.1716974,-2.9903913,-3.3828712,-3.329245,-3.2662983,-3.515232,-3.5491915,1
About Business Component,Overall,Service_Summary,What kind of service will you offer?,-3.079057,-3.3317087,-3.4220927,-3.1165347,-3.2338326,-3.3702314,-3.47239,-3.2237415,-3.0330508,2.0733814,9
About Techology,AI Techology,AI_summary,Why do You Use Machine Learning in Your Service?,1.9942118,-3.2208004,-3.1446524,-3.6055064,-3.4853814,-3.1795287,-3.3099637,-3.2092614,-3.0037305,-3.0421805,0
About the team,Our Contact,Contact_method,I need to be in touch.,-3.4148033,-3.4644673,-3.4344268,-3.2418163,-3.6061783,2.0869603,-3.374659,-3.3190427,-3.4228933,-3.5274663,5
About the team,Our Contact,Contact_method,What's your office address?,-3.3414724,-3.4859776,-3.4659078,-3.231637,-3.5620332,2.1271126,-3.3895454,-3.2604842,-3.3964713,-3.4829326,5
About Techology,iAM SMART Integration,Without_iamsmart,Tell Me How to Use your Site Without Using iAMSMART,-3.2405388,2.1096287,-3.5400434,-3.143029,-3.085407,-3.3486874,-3.35476,-3.2736747,-3.5080667,-3.527203,1
About the team,Our Contact,Contact_method,Can I come to your office?,-3.3577492,-3.4695115,-3.4261568,-3.269465,-3.4893634,2.111069,-3.3773704,-3.375859,-3.3979065,-3.4810157,5
About Techology,iAM SMART Integration,data_exchange_iamsmart,will iAM SMART receive all my personal information?,-3.6565845,-3.0179367,-3.1356406,1.956868,-3.2381105,-3.2842255,-3.3776276,-3.4001267,-3.4293046,-3.0955992,3
About Techology,iAM SMART Integration,data_exchange_iamsmart,"I don¡¦t want to share my information with iAMSMART, is it possible?",-3.718417,-3.0569131,-3.0116928,1.8870413,-3.3859406,-3.2579873,-3.3490043,-3.451856,-3.529897,-3.1858237,3
About the team,Our Contact,Contact_method,How could we get up to you guys?,-3.2941544,-3.4346993,-3.4612494,-3.1738932,-3.5745745,2.170331,-3.3734937,-3.2759216,-3.3935738,-3.5030386,5
About Techology,Data Security & Privacy,data_security,Will the other members have access to my information?,-3.2447622,-3.5614762,2.2360249,-3.1360953,-3.3196733,-3.2895985,-3.4415834,-3.530043,-3.2706711,-3.4426196,2
About Business Component,Overall,Doubt_usefulness,Give me a reason for why I need to use your service?,-3.1615362,-3.3354127,-3.2332258,-3.4071257,-3.698036,-3.336397,-2.9641635,-3.2783973,2.0594678,-3.1850994,8
About Techology,Data Security & Privacy,sensitive_data_storage,Would my ID number be stored on your server?,-3.488878,-3.0689187,-3.046999,-3.3576326,2.1981504,-3.2491097,-3.4861045,-3.2600951,-3.818949,-3.2981217,4
About Techology,iAM SMART Integration,data_exchange_iamsmart,"I¡¦m not going to share my data with iAMSMART, is it possible?",-3.7010581,-3.037771,-3.052454,1.91337,-3.335143,-3.3046138,-3.2648573,-3.4712427,-3.5283823,-3.1796741,3
About Techology,Data Security & Privacy,data_security,And where do you store my information?,-3.2114952,-3.5667346,2.213037,-3.1954517,-3.2726011,-3.284252,-3.5042484,-3.553093,-3.27509,-3.4454644,2
About Business Component,Filling ,Information_saving,Will your system memorize my information so that I won¡¦t have to fill it in twice?,-3.4291575,-3.3505445,-3.1449018,-3.457459,-3.1666386,-3.2910078,2.1679282,-3.4789803,-3.0677874,-3.5919814,6
About Techology,Data Security & Privacy,sensitive_data_storage,Do you store the personal information that I am filling in?,-3.5563343,-2.932971,-3.0719664,-3.3390698,2.2225547,-3.309308,-3.4289734,-3.268247,-3.8351038,-3.2450402,4
About Techology,iAM SMART Integration,Without_iamsmart,Let me know what to make use of this service without using iAM SMART.,-3.1159256,1.9956386,-3.535598,-3.2109578,-3.295633,-3.4480178,-3.4301252,-3.2888172,-3.5707476,-3.4987543,1
About Techology,Data Security & Privacy,sensitive_data_storage,Is the information that we fill in stored?,-3.528474,-3.0336154,-3.075539,-3.4643123,2.1314535,-3.3256764,-3.4886434,-3.2660875,-3.8532012,-3.1682355,4
About Techology,Data Security & Privacy,data_security,Does iAM SMART collect my information even if I don't use the iAM SMART service?,-3.2936625,-3.4159482,2.1749427,-3.1604803,-3.3101482,-3.2884424,-3.4673913,-3.606952,-3.2801082,-3.47194,2
About Business Component,Filling ,Information_saving,Is it going to make my computer remember to keep it back so I will not have the information to be provided again?,-3.6907477,-3.3603926,-3.291567,-3.240437,-3.159999,-3.0862885,1.9223899,-3.4766357,-3.417912,-3.802992,6
About Business Component,Overall,Service_Summary,Which form of service are you offering?,-3.0734527,-3.2945023,-3.4291902,-3.1017966,-3.2262516,-3.3289418,-3.4640388,-3.1708152,-3.0856802,2.0995815,9
About Techology,Data Security & Privacy,sensitive_data_storage,Will my ID number be saved on you server?,-3.5582435,-3.0477712,-3.1476972,-3.2863512,2.1399252,-3.2898967,-3.4812667,-3.293011,-3.889289,-3.312997,4
About Business Component,Overall,Doubt_usefulness,Do you give me a reason why should I use your service?,-3.1697786,-3.337819,-3.229841,-3.3809583,-3.6801043,-3.3808587,-2.9713998,-3.320968,2.0396755,-3.177019,8
About Techology,iAM SMART Integration,Without_iamsmart,Would it still work without iAMSMART?,-3.2469482,2.079215,-3.5371492,-3.0598826,-3.129181,-3.360145,-3.4253771,-3.3081813,-3.5031242,-3.5589416,1
About Business Component,Overall,Flow_summary,So what are I doing to work?,-3.155732,-3.3015618,-3.502891,-3.3682725,-3.1463358,-2.887127,-3.4757023,2.0539267,-3.0239995,-3.2638867,7
About Business Component,Overall,Doubt_usefulness,How Much Time Could I save with Your Service?,-3.1797206,-3.3428059,-3.2583547,-3.4189003,-3.6789336,-3.3256383,-3.0317526,-3.207245,2.0420883,-3.2040222,8
About Techology,iAM SMART Integration,data_exchange_iamsmart,Can I cease to share my information with i am smart?,-3.747597,-2.9901948,-3.0661163,1.9673306,-3.3354113,-3.2460368,-3.1360562,-3.49295,-3.482157,-3.1482232,3
About Business Component,Overall,Doubt_usefulness,Why Should I Do Your Service?,-3.1530173,-3.3583622,-3.2822108,-3.3979394,-3.6960077,-3.33808,-3.0412812,-3.2715194,2.0542688,-3.0732315,8
About Techology,AI Techology,AI_summary,How does ML improve my experience while making your service more profitable?,1.9591547,-3.1779299,-3.126092,-3.5921547,-3.557693,-3.2479465,-3.24036,-3.1853142,-3.104114,-3.083527,0
About Business Component,Overall,Doubt_usefulness,Give me a reason to use your service.,-3.2159064,-3.384375,-3.262089,-3.4649591,-3.7168808,-3.3198485,-3.014615,-3.1801035,2.0209365,-3.2065456,8
About Business Component,Filling ,Information_saving,"Is your system going to keep my information in mind, so that I won¡¦t have to submit it again?",-3.5497522,-3.4753764,-3.3575916,-3.596362,-2.9501517,-3.296095,1.9250165,-3.4450943,-3.1989923,-3.7202368,6
About Business Component,Filling ,Information_saving,Does your system remember my information so I won¡¦t have to provide it again?,-3.4093642,-3.260254,-3.1476767,-3.426449,-3.178557,-3.2322028,2.2435355,-3.4837315,-3.0271983,-3.557787,6
About Business Component,Overall,Doubt_usefulness,You can give me reasons to use your service.,-3.1428745,-3.3610294,-3.2620738,-3.404289,-3.734013,-3.3614173,-3.0341063,-3.225255,2.0431416,-3.1581674,8
About Business Component,Overall,Flow_summary,How must I follow this process?,-3.2465348,-3.2465024,-3.4604542,-3.405562,-3.1958613,-2.9400322,-3.391274,1.980503,-3.0756037,-3.3836043,7
About Techology,Data Security & Privacy,sensitive_data_storage,Is the info that I filled in stored?,-3.542456,-3.0703197,-3.0476723,-3.4146996,2.1717134,-3.2170148,-3.3831973,-3.3122065,-3.8220692,-3.2714703,4
About Business Component,Overall,Flow_summary,I don¡¦t know How to take your service.,-3.2051451,-3.2411296,-3.473836,-3.4375744,-3.1823666,-2.96658,-3.5173416,2.0050278,-3.0386393,-3.2011168,7
About Business Component,Overall,Service_Summary,tell Me More About Your Service,-3.1341305,-3.2757668,-3.441329,-3.1244216,-3.2128875,-3.3518167,-3.450646,-3.2285306,-3.0210085,2.0724878,9
About Techology,iAM SMART Integration,Without_iamsmart,How is Fill Easy Working Without iAMSMART?,-3.1698773,2.1322408,-3.5630708,-3.1094556,-3.144114,-3.3289785,-3.3891165,-3.2669623,-3.4405925,-3.5319352,1
About Techology,Data Security & Privacy,sensitive_data_storage,Is the information that I fill out in stored?,-3.5420914,-3.018542,-3.0926626,-3.4298897,2.1541014,-3.2233357,-3.4302354,-3.3002927,-3.8391864,-3.267444,4
About Techology,AI Techology,AI_summary,Is AI helping your business?,1.8924853,-3.2335472,-3.1982684,-3.5584006,-3.5305195,-3.195081,-3.4056046,-3.2274034,-3.096832,-3.0738866,0
About Techology,AI Techology,AI_summary,And how does Artificial Intelligence work when I fill out the forms?,2.0050054,-3.1875765,-3.0920022,-3.5505445,-3.5090704,-3.1712093,-3.3111887,-3.1893525,-3.0653765,-3.0763128,0
About Business Component,Overall,Flow_summary,How do I make use of your service?,-3.2663379,-3.2673755,-3.5027657,-3.3359928,-3.1102495,-2.9300137,-3.4135323,1.9778119,-3.1729157,-3.3232954,7
About Techology,AI Techology,AI_summary,How is Machine Learning possible for you to help me in your service?,1.987995,-3.1868935,-3.1833298,-3.586763,-3.5410783,-3.203732,-3.2847183,-3.1393354,-3.0319343,-3.0978966,0
About the team,Our Contact,Contact_method,Please provide the address to your company.,-3.370434,-3.422284,-3.427068,-3.2546601,-3.583622,2.1084409,-3.3880088,-3.31909,-3.3948157,-3.5563083,5
About Techology,iAM SMART Integration,data_exchange_iamsmart,Will my info be shortened to iAM SMART?,-3.644379,-2.9915864,-3.0693033,1.833971,-3.3981073,-3.341926,-3.3189085,-3.5924566,-3.5325322,-3.1735487,3
About Techology,iAM SMART Integration,data_exchange_iamsmart,Is it possible that iAM SMART know all my banking details?,-3.6730714,-3.0810816,-2.9711444,1.8981417,-3.3343294,-3.326682,-3.3364186,-3.5258522,-3.4895566,-3.1206548,3
About Techology,Data Security & Privacy,data_security,You are going to sell my data?,-3.2655852,-3.496966,2.1936154,-3.1452482,-3.2788439,-3.387546,-3.4188492,-3.6323962,-3.2271914,-3.5289273,2
About the team,Our Contact,Contact_method,Where should I send my mail if I want to be in touch?,-3.3392215,-3.4788885,-3.4364994,-3.2137072,-3.5047867,2.1409023,-3.3577983,-3.3464339,-3.3867488,-3.538575,5
About Business Component,Overall,Service_Summary,Not sure what service you offer,-3.1275213,-3.2998466,-3.4598315,-3.1733744,-3.1717772,-3.384382,-3.4712934,-3.2203686,-3.081249,2.036574,9
About Techology,iAM SMART Integration,data_exchange_iamsmart,Will my data definitely be shared with i am smart?,-3.611483,-3.0623806,-2.9742885,2.0347412,-3.201551,-3.1922991,-3.260267,-3.4100552,-3.4869397,-3.076831,3
About Techology,Data Security & Privacy,data_security,Will my information be transferred to the government?,-3.2503488,-3.5718281,2.176266,-3.1758852,-3.2833385,-3.2709405,-3.5264893,-3.585172,-3.3407602,-3.515304,2
About Business Component,Overall,Service_Summary,No know what service you offer.,-3.1082785,-3.3256273,-3.4352796,-3.1727688,-3.2264533,-3.33285,-3.4871073,-3.2302501,-3.0388932,2.0414236,9
About Business Component,Overall,Flow_summary,We don't know how to use your service,-3.290717,-3.2483435,-3.4117658,-3.4395833,-3.093759,-3.0530162,-3.4688122,1.9479836,-3.1049576,-3.3068826,7
About Techology,iAM SMART Integration,data_exchange_iamsmart,Will iAMSMART receive all of my personal data?,-3.6813886,-3.0197234,-3.126157,1.9685881,-3.2146542,-3.2709868,-3.3403845,-3.3847585,-3.4361105,-3.1258414,3
About Business Component,Overall,Service_Summary,So what do you guys do?,-3.0936482,-3.2757359,-3.4334066,-3.1347091,-3.199716,-3.3975813,-3.444119,-3.2038448,-3.0730624,2.075538,9
About Business Component,Overall,Flow_summary,Teach me how to use your form and fill the service step by step.,-3.1790154,-3.3937464,-3.5156906,-3.484734,-3.1986046,-3.0361724,-3.3067954,1.931194,-3.0269465,-3.3387012,7
About Techology,Data Security & Privacy,sensitive_data_storage,Is my ID record stored on your server?,-3.4355712,-3.0383635,-3.0202794,-3.3755422,2.208732,-3.3257692,-3.4404006,-3.2462242,-3.7986271,-3.3227463,4
About Business Component,Filling ,Information_saving,"If I want to complete in two forms, would I need to fill in the same information twice?",-3.4331846,-3.2961981,-3.1723123,-3.360976,-3.3221033,-3.2925947,2.1633644,-3.4473825,-3.049812,-3.627393,6
About Business Component,Overall,Doubt_usefulness,Why Should I Use Your Service?,-3.1624734,-3.3547244,-3.23583,-3.4190974,-3.7010827,-3.354512,-3.045978,-3.2832744,2.0253267,-3.164254,8
About Techology,Data Security & Privacy,data_security,Will my data be transmitted to any other companies without my consent?,-3.2425754,-3.544617,2.17189,-3.1617138,-3.387626,-3.314734,-3.4960165,-3.5837922,-3.2616544,-3.5066566,2
About Techology,AI Techology,AI_summary,how can ML enhance my experience while using your service?,2.0129156,-3.144822,-3.1469429,-3.5560894,-3.5222857,-3.2131734,-3.3182302,-3.1322174,-3.0726144,-3.044464,0
About Techology,Data Security & Privacy,data_security,Is my info encrypted?,-3.2365923,-3.5271769,2.2488217,-3.1375678,-3.2661164,-3.2547336,-3.4795623,-3.6011667,-3.2713275,-3.460328,2
About Techology,Data Security & Privacy,data_security,Will my information be passed through to other companies without my consent?,-3.2476401,-3.5280504,2.1671684,-3.1803327,-3.3024776,-3.3295212,-3.5562136,-3.5667076,-3.2923708,-3.5104969,2
About Techology,iAM SMART Integration,Without_iamsmart,Would the service work without IAM SMART?,-3.1860907,2.0825753,-3.4492857,-3.193353,-3.1545706,-3.3857985,-3.451118,-3.2873704,-3.482449,-3.465885,1
About Techology,iAM SMART Integration,data_exchange_iamsmart,Does my bank account number be leaked to iAMSMART?,-3.6398058,-3.0595598,-3.063948,1.9803097,-3.2623703,-3.2226305,-3.3475437,-3.3824031,-3.471807,-3.0879796,3
About the team,Our Contact,Contact_method,how can I get to you guys?,-3.3400826,-3.4522293,-3.4311779,-3.2098641,-3.625564,2.1232712,-3.3251464,-3.2603874,-3.40604,-3.587162,5
About Techology,iAM SMART Integration,data_exchange_iamsmart,I don¡¦t want my Personal Data shared with i am smart.,-3.6201823,-2.9875543,-3.1236787,1.9771826,-3.1538455,-3.3171597,-3.2911806,-3.437555,-3.515338,-3.15031,3
About Techology,AI Techology,AI_summary,Why are you utilizing ML?,1.9614376,-3.1592853,-3.2020047,-3.51427,-3.5173116,-3.1591678,-3.3736086,-3.2125847,-3.0643454,-3.054879,0
About Business Component,Overall,Doubt_usefulness,Make me a reason for using your service.,-3.2022378,-3.3808835,-3.2644954,-3.4102407,-3.7236395,-3.2947106,-3.0073786,-3.2080867,2.0466676,-3.1811924,8
About Business Component,Filling ,Information_saving,Do your system remember my information so I won¡¦t need to fill out it in twice?,-3.4128397,-3.2935128,-3.196659,-3.4246118,-3.1908069,-3.2989082,2.1941793,-3.3996687,-3.0933094,-3.5709708,6
About Techology,iAM SMART Integration,Without_iamsmart,Tell Me How To Use Your Service Without using IAMSMART,-3.194928,2.1250975,-3.535894,-3.21924,-3.1176028,-3.3248007,-3.3652923,-3.2349193,-3.4605343,-3.4812212,1
About Business Component,Overall,Service_Summary,I don¡¦t know which services you offer,-3.2754476,-3.2785945,-3.4685166,-3.1530273,-3.1454399,-3.3990085,-3.4965348,-3.2563128,-3.151244,1.9682281,9
About Techology,Data Security & Privacy,sensitive_data_storage,I will check whether my personal data is stored on your side.,-3.5242467,-3.0906916,-3.0931518,-3.3450778,2.1877534,-3.2439685,-3.4864628,-3.2682698,-3.8557017,-3.2040143,4
About Techology,AI Techology,AI_summary,Why did you use AI in the service?,2.0034087,-3.1614056,-3.1665173,-3.577638,-3.5079641,-3.1328354,-3.3424075,-3.19387,-3.057157,-3.024569,0
About Techology,iAM SMART Integration,data_exchange_iamsmart,"I don¡¦t want to share my data with iAM SMART, is it possible?",-3.6969037,-3.0163505,-3.0195906,1.9298259,-3.3425546,-3.3136437,-3.320875,-3.4570029,-3.490018,-3.1531029,3
About Techology,iAM SMART Integration,Without_iamsmart,Would your service work without iAMSMART?,-3.1853642,2.1264112,-3.535591,-3.1993117,-3.0740004,-3.3208432,-3.4146733,-3.275771,-3.4631913,-3.4653316,1
About Techology,Data Security & Privacy,sensitive_data_storage,Will my identification number be saved on your server?,-3.5331595,-3.1322436,-3.1073828,-3.4349592,2.1360264,-3.1426349,-3.5023594,-3.2716973,-3.840934,-3.2629006,4
About Techology,iAM SMART Integration,data_exchange_iamsmart,What Data Will Be Shared with i am smart?,-3.6664484,-3.0091496,-3.0814953,2.001911,-3.2994294,-3.1486046,-3.369699,-3.3715,-3.4605098,-3.0540893,3
About Business Component,Overall,Service_Summary,Tell us more about your service,-3.1070454,-3.2925432,-3.4467094,-3.1164453,-3.205881,-3.3844845,-3.4435396,-3.22965,-2.9947348,2.0763974,9
About Techology,AI Techology,AI_summary,Why have you employed Machine Learning in your service,1.9668189,-3.2358522,-3.1807017,-3.6424026,-3.4807374,-3.1910708,-3.3085835,-3.1627026,-3.0213227,-3.0574932,0
About Business Component,Overall,Service_Summary,And what kind of service are you offering?,-3.0676165,-3.3070555,-3.407977,-3.1041825,-3.2396498,-3.360785,-3.4829402,-3.1965091,-3.0574126,2.090504,9
About Business Component,Overall,Service_Summary,I want to see more about the service you offer.,-3.1068318,-3.2878263,-3.4303548,-3.0934408,-3.1731822,-3.3297791,-3.4198422,-3.2967799,-3.0287142,2.0860653,9
About Techology,AI Techology,AI_summary,Tell me about AI in your business,1.906778,-3.21586,-3.2934396,-3.5700693,-3.4794924,-3.1447134,-3.4235015,-3.1489158,-3.1214125,-3.0234487,0
About the team,Our Contact,Contact_method,Please give me the contact point to your business.,-3.5318258,-3.4772508,-3.5688322,-3.210131,-3.4641268,2.0194533,-3.53519,-3.3234847,-3.5262964,-3.379091,5
About Business Component,Overall,Doubt_usefulness,Tell Me Shortly the Pro of Your Service,-3.219685,-3.3583682,-3.3122857,-3.3204,-3.7545056,-3.3779237,-3.0975957,-3.2407649,1.9757341,-3.1897292,8
About Techology,iAM SMART Integration,data_exchange_iamsmart,"We do not want to share our data with iAM SMART, is it possible?",-3.7110162,-3.0095584,-3.022709,1.9070342,-3.3196456,-3.3891757,-3.2862232,-3.5010695,-3.5208018,-3.1399431,3
About Business Component,Filling ,Information_saving,"Should I have to fill in the same form twice, should I have to fill in the same form twice?",-3.571338,-3.2960181,-3.2575216,-3.6079073,-3.4368987,-3.2940202,2.000337,-3.2413275,-2.977878,-3.685918,6
About Business Component,Overall,Flow_summary,How to follow the process?,-3.240552,-3.329193,-3.4703763,-3.5305328,-3.1672237,-2.9854066,-3.5386333,1.9301809,-3.0096445,-3.2757332,7
About Business Component,Overall,Flow_summary,How do I follow the process?,-3.3002052,-3.3170395,-3.4843078,-3.4439876,-3.1141677,-2.9786847,-3.4393795,1.947784,-3.116409,-3.249894,7
About Techology,iAM SMART Integration,data_exchange_iamsmart,Will it be shared with IAMSMART?,-3.7911358,-2.9198542,-3.2066236,1.8689678,-3.296481,-3.2591476,-3.4176497,-3.4631326,-3.5304089,-3.1534276,3
About the team,Our Contact,Contact_method,"So, what is your number?",-3.4370832,-3.4367428,-3.481279,-3.1925616,-3.555708,2.0925822,-3.4706633,-3.2726307,-3.4326072,-3.5466535,5
About Techology,iAM SMART Integration,data_exchange_iamsmart,How much data will we be shared with iAMSMART?,-3.7117822,-3.0774622,-3.1764958,1.9097531,-3.251099,-3.3271074,-3.299638,-3.4383569,-3.5047138,-3.082091,3
About Techology,Data Security & Privacy,data_security,Why do you store my information?,-3.0263093,-3.66017,2.0308602,-3.3684936,-3.446495,-3.4031146,-3.5524359,-3.6858382,-3.1356366,-3.5784988,2
About Techology,iAM SMART Integration,data_exchange_iamsmart,will iAM SMART receive all my private information?,-3.682151,-3.0376687,-3.141606,1.9327015,-3.2026231,-3.2898233,-3.3606336,-3.4490452,-3.474191,-3.1108766,3
About Business Component,Overall,Doubt_usefulness,Why should I take use your service?,-3.1325307,-3.3431134,-3.245662,-3.3843942,-3.6985795,-3.3595695,-3.0512357,-3.2758884,2.0462675,-3.161332,8
About Techology,iAM SMART Integration,data_exchange_iamsmart,What data are to be sharing with iAMsmART?,-3.741338,-2.988535,-3.1785595,1.9080609,-3.307591,-3.20554,-3.4604833,-3.3925598,-3.4938104,-3.088223,3
About the team,Our Contact,Contact_method,But where can i find your contacts?,-3.448977,-3.432067,-3.456234,-3.2408292,-3.5748785,2.090292,-3.3704116,-3.3150394,-3.42479,-3.575013,5
About Techology,iAM SMART Integration,data_exchange_iamsmart,Can I stop sharing my personal data with iAMSMART?,-3.6739237,-2.9893026,-3.2128513,1.9311646,-3.237303,-3.2192268,-3.388822,-3.4176474,-3.5036323,-3.1517534,3
About Techology,Data Security & Privacy,data_security,Where are you storing my information?,-3.2202625,-3.5447035,2.207248,-3.1830392,-3.203698,-3.2949054,-3.507497,-3.592706,-3.2689874,-3.5221708,2
About Techology,Data Security & Privacy,data_security,Were you going to sell my data to other companies?,-3.2268934,-3.5310206,2.221555,-3.1626544,-3.350223,-3.3150778,-3.408217,-3.5756242,-3.2473347,-3.4721534,2
About the team,Our Contact,Contact_method,Can I Go to your office?,-3.3577528,-3.439426,-3.433613,-3.2563486,-3.54698,2.1202679,-3.3675704,-3.3183405,-3.4208264,-3.5219433,5
About Techology,Data Security & Privacy,sensitive_data_storage,We will check whether our personal data is saved on your side.,-3.5018666,-3.076287,-3.078544,-3.3560498,2.1740909,-3.298233,-3.5124474,-3.2840939,-3.8691723,-3.1457784,4
About Techology,Data Security & Privacy,data_security,Will My data be transmitted to other companies without My consent?,-3.2129376,-3.5352058,2.1872275,-3.1727057,-3.3521514,-3.339458,-3.4949799,-3.5689056,-3.244334,-3.526584,2
About Techology,AI Techology,AI_summary,Tell Me More about ML in Your Business,1.9372115,-3.2023497,-3.2599678,-3.5597355,-3.4744177,-3.1668272,-3.3879592,-3.1638176,-3.1173158,-2.9668598,0
About Business Component,Overall,Doubt_usefulness,What benefits can you bring for me?,-3.2196646,-3.3821251,-3.2428946,-3.4119594,-3.7309015,-3.3084683,-3.0176635,-3.2382574,2.0121207,-3.1968849,8
About Business Component,Overall,Service_Summary,Could you tell me what you're doing?,-3.183175,-3.3608212,-3.4547644,-3.2091908,-3.1823177,-3.3981395,-3.462302,-3.2241158,-3.0986474,1.988349,9
About Business Component,Overall,Flow_summary,Give me the manual to use Your form-filling service,-3.2338545,-3.2967424,-3.3896296,-3.3555517,-3.1016963,-2.8781931,-3.4832866,2.0396185,-3.080223,-3.3498106,7
About Techology,iAM SMART Integration,Without_iamsmart,"I don't have an i AM SMART account, Can I still use your service?",-3.1670902,2.1307378,-3.5726607,-3.1949325,-3.0946822,-3.3118067,-3.405172,-3.2506516,-3.5026424,-3.4767082,1
About Business Component,Overall,Service_Summary,I want to find out more about the service you offer.,-3.1309597,-3.293168,-3.3949199,-3.0990686,-3.1859062,-3.334414,-3.4002304,-3.29316,-3.037353,2.085124,9
About Techology,iAM SMART Integration,Without_iamsmart,Is it possible to use FillEasy without iAMSMART?,-3.1831698,2.1263716,-3.560684,-3.1425827,-3.1031275,-3.3174877,-3.3670244,-3.293476,-3.4525483,-3.532714,1
About Techology,iAM SMART Integration,data_exchange_iamsmart,Will the iAMSMART know my banking details?,-3.6880863,-3.0489593,-3.0586064,1.8753904,-3.3564906,-3.3645823,-3.3721762,-3.4323418,-3.4720795,-3.1598163,3
About Business Component,Overall,Flow_summary,How Do I follow the Process?,-3.3002052,-3.3170395,-3.4843078,-3.4439876,-3.1141677,-2.9786847,-3.4393795,1.947784,-3.116409,-3.249894,7
About Techology,Data Security & Privacy,data_security,Is my information crypted?,-3.697388,-3.8642132,1.3430146,-3.2677836,-2.472313,-3.5492094,-3.6161551,-4.112267,-3.8306513,-3.7531898,2
About Business Component,Overall,Doubt_usefulness,Give me an idea why I should use your service?,-3.1633909,-3.3929255,-3.296747,-3.4227211,-3.810428,-3.4455621,-3.0541196,-3.1862557,1.9785675,-3.2017794,8
About Business Component,Overall,Service_Summary,Could you tell my what you do?,-3.131685,-3.3359513,-3.440857,-3.1382432,-3.243165,-3.38082,-3.4257336,-3.2074566,-3.0606883,2.0537608,9
About Business Component,Overall,Flow_summary,Give me a manual for your form-filling service.,-3.3069525,-3.3953257,-3.4410136,-3.408624,-3.1597068,-3.015542,-3.5412989,1.9521939,-3.126205,-3.0099514,7
About the team,Our Contact,Contact_method,Where Can I find your contacts?,-3.4112709,-3.4685102,-3.4720774,-3.225969,-3.5825675,2.0848982,-3.3808975,-3.3174207,-3.4318018,-3.5626628,5
About Techology,Data Security & Privacy,sensitive_data_storage,Do you keep the personal information that I fill in?,-3.5310977,-2.986963,-3.0228796,-3.3933728,2.2705355,-3.1638753,-3.4001453,-3.2771637,-3.8134313,-3.1835716,4
About Techology,AI Techology,AI_summary,How does the Fill Easy integrate AI technology?,1.9727709,-3.1671054,-3.1822767,-3.5048487,-3.5323539,-3.2032936,-3.3253849,-3.217606,-3.0694065,-3.063338,0
About Business Component,Overall,Service_Summary,We don¡¦t know what service you offer,-3.1917496,-3.3342285,-3.4551613,-3.1309698,-3.2118056,-3.4229991,-3.4538336,-3.2312675,-3.10877,2.0031266,9
About Business Component,Overall,Service_Summary,What service would I receive?,-3.1313813,-3.294293,-3.397948,-3.1338272,-3.216892,-3.3851335,-3.4552,-3.2489293,-3.0608766,2.0535796,9
About Business Component,Filling ,Information_saving,Do I have to give the same information again if I have your service for the second time?,-3.5133932,-3.311738,-3.1503856,-3.404808,-3.2835815,-3.2593234,2.1134157,-3.588534,-3.0060148,-3.6485462,6
About Techology,iAM SMART Integration,Without_iamsmart,"I want to use the service, but I don¡¦t have an i AM SMART acc",-3.2310708,2.1380122,-3.5971313,-3.242866,-2.9822898,-3.3001854,-3.3274667,-3.246511,-3.5108612,-3.4900315,1
About Techology,iAM SMART Integration,data_exchange_iamsmart,"If I use i am smart, does it mean I¡¦ll share every input with them as well?",-3.7046835,-2.9864047,-3.0208108,1.9688511,-3.31483,-3.2481217,-3.2827456,-3.487419,-3.4906797,-3.0791538,3
About Business Component,Overall,Service_Summary,tell me more about your service.,-3.1571562,-3.324597,-3.5056634,-3.2028193,-3.3294928,-3.3884864,-3.5094995,-3.0680625,-2.9796233,2.0094388,9
About Techology,AI Techology,AI_summary,Why Do You Utilize ML?,1.9710257,-3.1784508,-3.1868865,-3.5214617,-3.5219195,-3.1581743,-3.3721821,-3.2063184,-3.067061,-3.0361917,0
About Techology,Data Security & Privacy,sensitive_data_storage,I hope my data will not be persistenced on your cloud.,-3.5004275,-2.9232569,-3.0615995,-3.308889,2.2205856,-3.2778697,-3.3498383,-3.3112051,-3.858639,-3.3361192,4
About Techology,iAM SMART Integration,data_exchange_iamsmart,"I don¡¦t wish to share my data with iAMSMART, is it possible?",-3.7094405,-3.0193286,-3.0891225,1.9086097,-3.352431,-3.2736902,-3.3304524,-3.429402,-3.4996808,-3.1845763,3
About Business Component,Filling ,Information_saving,How many times do I need to fill in the same field?,-3.5150828,-3.2875378,-3.176531,-3.3735101,-3.268324,-3.1928072,2.1293564,-3.5768595,-3.0903888,-3.608502,6
About Business Component,Overall,Doubt_usefulness,How much time do I be able to save with your service?,-3.217354,-3.4059417,-3.2719753,-3.4607952,-3.7352598,-3.437941,-2.8964272,-3.164598,2.0033958,-3.2756655,8
About Business Component,Overall,Flow_summary,We do not understand how to use your service.,-3.0911248,-3.2818952,-3.4420173,-3.4275475,-3.179882,-3.086524,-3.4391387,1.9636744,-3.0609386,-3.3779926,7
About Techology,Data Security & Privacy,sensitive_data_storage,Are my Personal Data Said in Your System?,-3.507903,-2.9819648,-3.15217,-3.3107996,2.1802602,-3.2077718,-3.4615557,-3.2534497,-3.8743262,-3.4003758,4
About Techology,Data Security & Privacy,data_security,Did you sell my data to other companies?,-3.2056582,-3.5424235,2.2098157,-3.1830087,-3.3711312,-3.2870886,-3.454111,-3.5491788,-3.2543743,-3.4739377,2
About Techology,Data Security & Privacy,sensitive_data_storage,Is the information I fill up in stored?,-3.549313,-3.0063188,-3.103954,-3.4215312,2.1635873,-3.2316582,-3.3930774,-3.2978127,-3.853426,-3.2737129,4
About Business Component,Overall,Doubt_usefulness,How Much Time Can I Save with Your Service?,-3.1887777,-3.3502576,-3.2637572,-3.4176853,-3.6830764,-3.342171,-3.0190167,-3.20487,2.0341086,-3.2163382,8
About Techology,AI Techology,AI_summary,How can AI improve my experience while using your service?,2.0004268,-3.1514683,-3.146796,-3.569682,-3.5148158,-3.1877618,-3.3333592,-3.157217,-3.083787,-3.052507,0
About Business Component,Overall,Flow_summary,Give me the manuale to use your form-filling service,-3.306968,-3.2954974,-3.4264772,-3.2814202,-3.1120315,-2.877862,-3.462451,2.0497859,-3.054115,-3.3118265,7
About the team,Our Contact,Contact_method,Can you go into your office?,-3.41412,-3.4521165,-3.4591005,-3.3187413,-3.4823241,2.0517342,-3.4452968,-3.367964,-3.445769,-3.4853404,5
About the team,Our Contact,Contact_method,Where do I get to your contacts?,-3.4200287,-3.508486,-3.465233,-3.253601,-3.6139038,2.076763,-3.3433316,-3.2512727,-3.4526691,-3.5693839,5
About Business Component,Filling ,Information_saving,"If i want to fill up in two forms, will I have to fill out in the same information twice?",-3.4612038,-3.294895,-3.1118393,-3.3643413,-3.2932105,-3.2982695,2.164285,-3.5125883,-3.059933,-3.594684,6
About Business Component,Overall,Doubt_usefulness,Tell me briefly the pros of your service.,-3.1950846,-3.365154,-3.2456584,-3.368236,-3.718885,-3.3272676,-3.0129974,-3.2026324,2.0325975,-3.2345932,8
About Techology,Data Security & Privacy,sensitive_data_storage,Are you keeping the personal details that I am filling in?,-3.6912735,-2.9423642,-3.110181,-3.314921,2.1506598,-3.215772,-3.3906832,-3.3803492,-3.9271293,-3.2488735,4
About Techology,AI Techology,AI_summary,can ML technology truly help when I use FillEasy?,1.9971863,-3.1641335,-3.1645107,-3.6195467,-3.5182216,-3.2453516,-3.2895217,-3.169329,-2.9525237,-3.0685794,0
About Business Component,Overall,Flow_summary,But what do I do to work?,-3.172149,-3.2855303,-3.4673083,-3.365783,-3.1810837,-2.9113002,-3.4547393,2.0219288,-3.0695438,-3.3011925,7
About Business Component,Filling ,Information_saving,"And, if I wish to fill in two forms, will I have to fill in the same information twice?",-3.4406986,-3.30156,-3.1818464,-3.4015958,-3.374035,-3.279212,2.1527584,-3.4662604,-3.0166838,-3.5732667,6
About Business Component,Overall,Flow_summary,Guided Me through the Form Filling Process,-3.2988276,-3.4079134,-3.472087,-3.4130797,-3.093867,-3.0003018,-3.4824836,1.9251832,-3.110116,-3.2609737,7
About Business Component,Overall,Doubt_usefulness,What benefit could you bring to me?,-3.1936224,-3.3766608,-3.249601,-3.4248023,-3.6993725,-3.304204,-3.0601463,-3.278884,2.0073168,-3.1659381,8
About Business Component,Filling ,Information_saving,Is it your system will remember my information so I will not have to provide them again?,-3.5011117,-3.2994835,-3.1564531,-3.2956433,-3.1718633,-3.2442582,2.1566715,-3.5973625,-3.1060135,-3.6077728,6
About Techology,Data Security & Privacy,sensitive_data_storage,Does my privacy information be cached on your cloud?,-3.4303646,-2.9547794,-3.0657024,-3.3234236,2.2071705,-3.27909,-3.4272192,-3.3181798,-3.8612142,-3.3746893,4
About Business Component,Filling ,Information_saving,Will your system remember my information so it will not need to fill it in twice?,-3.3690438,-3.3675919,-3.1341817,-3.4980016,-3.2287612,-3.3745244,2.1030486,-3.451797,-3.0993268,-3.6396015,6
About Techology,Data Security & Privacy,sensitive_data_storage,Would My personal information be cacheed on your cloud?,-3.4224837,-3.0463061,-3.122949,-3.3758888,2.1866555,-3.264666,-3.5007896,-3.27292,-3.822058,-3.2537563,4
About Techology,iAM SMART Integration,data_exchange_iamsmart,Will iAMSMART receive all of my personal information?,-3.6797907,-3.021255,-3.1021469,1.9711355,-3.2327032,-3.2743015,-3.3375268,-3.3887527,-3.4419696,-3.1209576,3
About the team,Our Contact,Contact_method,Which is the Contact Method for your company?,-3.3779118,-3.4520304,-3.4228323,-3.1959906,-3.55457,2.1307986,-3.3786168,-3.32889,-3.4483674,-3.506325,5
About Business Component,Filling ,Information_saving,how many times do I need to fill within the same field?,-3.5362628,-3.2636485,-3.1783352,-3.3151333,-3.2107372,-3.2219038,2.1474931,-3.5633178,-3.1332815,-3.6090443,6
About Techology,iAM SMART Integration,Without_iamsmart,Tell me how to use your service without using iamsmart.,-3.1561675,2.0691957,-3.5773141,-3.2367828,-3.170628,-3.3486223,-3.4066265,-3.2701087,-3.4863458,-3.4958131,1
About Techology,iAM SMART Integration,Without_iamsmart,is it possible to utilize the FillEasy without the iamsmart?,-3.1936004,2.158724,-3.5669773,-3.122719,-3.0725112,-3.3205786,-3.2980254,-3.3031409,-3.449133,-3.540012,1
About Techology,iAM SMART Integration,data_exchange_iamsmart,I do not wish to share my Personal Data with iAM SMART.,-3.6029904,-2.9649582,-3.1784236,1.9808079,-3.261211,-3.2543561,-3.333366,-3.3871977,-3.4619038,-3.1229208,3
About Business Component,Overall,Service_Summary,Make me a introduction to your business.,-3.1735737,-3.3779492,-3.4322577,-3.1602106,-3.2156382,-3.3439202,-3.472403,-3.1946297,-3.1142786,2.0241933,9
About Techology,Data Security & Privacy,data_security,Do you want to sell my data?,-3.238466,-3.5120676,2.2021165,-3.2014928,-3.3278184,-3.3517995,-3.4123523,-3.625828,-3.2305813,-3.496457,2
About Techology,iAM SMART Integration,Without_iamsmart,How does the Fill-Easy works without iAMSMART?,-3.1750326,2.1268961,-3.5691748,-3.1390538,-3.14613,-3.3686657,-3.3052955,-3.3025079,-3.4648643,-3.5275118,1
About Techology,iAM SMART Integration,data_exchange_iamsmart,Would my information be shared with i am smart?,-3.6340768,-3.053319,-2.9522114,2.0176494,-3.2272198,-3.2400146,-3.2636232,-3.4519954,-3.4731717,-3.0867136,3
About Techology,Data Security & Privacy,data_security,Will any other parties have access to my information?,-3.2576683,-3.5264785,2.21562,-3.1258206,-3.369425,-3.238539,-3.4838192,-3.5735042,-3.2906868,-3.4439163,2
About Business Component,Overall,Service_Summary,Do You Only offer form filling service?,-3.1848407,-3.304848,-3.3508072,-3.158391,-3.2194562,-3.344109,-3.4262867,-3.2391727,-3.0770285,2.046121,9
About Techology,Data Security & Privacy,data_security,Would other parties have access to my information?,-3.2402675,-3.5178537,2.2192132,-3.181434,-3.3316345,-3.275962,-3.497901,-3.523314,-3.2382581,-3.468251,2
About Business Component,Overall,Flow_summary,I know not how to use your service.,-3.2109346,-3.2444472,-3.440924,-3.4376814,-3.1550896,-3.021746,-3.4743607,1.9727386,-2.9991293,-3.4001784,7
About Business Component,Overall,Flow_summary,How can I follow the process?,-3.258207,-3.2319474,-3.491445,-3.4230611,-3.1449265,-2.8772247,-3.4519987,1.9917773,-3.0797648,-3.360449,7
About Business Component,Filling ,Information_saving,What do I need if I want to store the data that am filled in?,-4.0366874,-3.587256,-3.341424,-3.3551376,-0.8082065,-3.664051,0.3255955,-3.7668283,-3.8916824,-4.0071583,6
About the team,Our Contact,Contact_method,And where do I find your contacts?,-3.4859457,-3.5045612,-3.4825974,-3.245979,-3.5778987,2.0287855,-3.3669915,-3.3223855,-3.4871736,-3.5921073,5
About Techology,Data Security & Privacy,sensitive_data_storage,Will my personal data be saved in your cloud?,-3.39933,-3.0360427,-3.1274657,-3.379344,2.1923904,-3.2841074,-3.512256,-3.2515337,-3.8138006,-3.2332253,4
About Business Component,Overall,Doubt_usefulness,Scripture the pros of your service,-3.1651514,-3.5294456,-3.199767,-3.4634538,-3.8233232,-3.4526465,-3.1375008,-3.157048,1.8601748,-3.3188589,8
About the team,Our Contact,Contact_method,And what is your email address?,-3.4315488,-3.460089,-3.4567487,-3.2113168,-3.5468645,2.0942621,-3.391079,-3.3276289,-3.4297643,-3.5709858,5
About Business Component,Overall,Flow_summary,What is the procedure to use your Form-Filling Serivce,-3.292105,-3.2472825,-3.4215524,-3.2952738,-3.0496268,-2.9133942,-3.4781811,2.0564334,-3.0944188,-3.2905567,7
About Techology,iAM SMART Integration,data_exchange_iamsmart,Will i am smart receive all my personal data?,-3.65141,-3.0004296,-3.1253712,1.9738146,-3.2286181,-3.2646804,-3.3445723,-3.4000611,-3.4310083,-3.100083,3
About Techology,iAM SMART Integration,Without_iamsmart,Is there an option for FillEasy using without iAMSMART?,-3.2248347,2.1390142,-3.560223,-3.145008,-3.0731676,-3.3122146,-3.3488407,-3.3141437,-3.4441898,-3.4807515,1
About the team,Our Contact,Contact_method,How I can get to you guys?,-3.3556,-3.4719834,-3.4192958,-3.2053046,-3.6042752,2.1315742,-3.3521411,-3.267226,-3.4056096,-3.5279543,5
About Techology,Data Security & Privacy,data_security,Will the government be allowed to access my personal data?,-3.2331243,-3.5391645,2.173035,-3.1916416,-3.2127008,-3.3816915,-3.510854,-3.658288,-3.2939768,-3.49595,2
About Techology,Data Security & Privacy,sensitive_data_storage,Will you retain my personal data?,-3.6264052,-3.1319115,-2.9738863,-3.277536,2.1287467,-3.3539586,-3.249144,-3.3248956,-3.9507122,-3.420163,4
About Business Component,Filling ,Information_saving,Does I need to fill on the same fields when I use your service again?,-3.427097,-3.1355171,-3.185847,-3.4244447,-3.2020497,-3.2110775,2.211928,-3.5305026,-3.0789506,-3.6077685,6
About Business Component,Overall,Doubt_usefulness,How much money could I save with your service?,-3.1862373,-3.3519268,-3.237608,-3.3890114,-3.6925964,-3.3442771,-3.0758162,-3.225714,2.027971,-3.1980398,8
About Techology,Data Security & Privacy,sensitive_data_storage,Will you keep my personal data?,-3.6349053,-3.0176432,-3.0378003,-3.295211,2.18476,-3.1583126,-3.4590733,-3.297016,-3.904983,-3.3439913,4
About Techology,iAM SMART Integration,Without_iamsmart,Can I use the Form filling function without a iAMSMART account,-3.1573257,2.1252966,-3.5433116,-3.2153828,-3.167485,-3.3684828,-3.3615627,-3.2273219,-3.4312549,-3.4597437,1
About Business Component,Overall,Service_Summary,introduced me to your business,-3.200126,-3.4319913,-3.4918807,-3.1654558,-3.1650157,-3.3201199,-3.479572,-3.2291102,-3.1036146,1.9783776,9
About Techology,Data Security & Privacy,sensitive_data_storage,Are My Personal Data Stored on Your Cloud?,-3.4080348,-3.0764606,-3.0857432,-3.3539703,2.2091775,-3.2390435,-3.5234525,-3.2333717,-3.7902365,-3.254843,4
About Business Component,Filling ,Information_saving,Will your system remember my information so I¡¦ll not have to provide it for me again?,-3.4231179,-3.2890377,-3.173651,-3.3458936,-3.2348032,-3.2064157,2.1739805,-3.5619514,-3.1101964,-3.5954149,6
About Business Component,Overall,Doubt_usefulness,How is the use of Fill Easy?,-3.5431302,-3.8506713,-3.8794491,-3.9572039,-3.8103561,-3.7074957,-3.3809218,0.6537123,-1.9841069,-3.6895,7
About Techology,Data Security & Privacy,data_security,Will My Personal Data be Transmitted to the Government?,-3.324546,-3.6333537,2.1326995,-3.0886133,-3.1143525,-3.3263323,-3.5781593,-3.6373148,-3.4075575,-3.5429957,2
About Business Component,Filling ,Information_saving,Do I need to fill the same fields when I take your service again?,-3.4383023,-3.1964328,-3.1960566,-3.417775,-3.1878014,-3.2061577,2.2158508,-3.5035655,-3.061583,-3.5995991,6
About Business Component,Overall,Service_Summary,I want to learn more about the service you provide,-3.1074827,-3.38104,-3.4367387,-3.1569355,-3.3075838,-3.535649,-3.4237332,-3.1454809,-3.0921135,1.9871174,9
About Techology,iAM SMART Integration,data_exchange_iamsmart,Would My Bank Account Number Will Be Locked to iAM SMART?,-3.8972137,-2.839915,-3.2442868,1.7931592,-3.1008778,-3.2494693,-3.3819742,-3.5742495,-3.6832323,-3.3134658,3
About Techology,Data Security & Privacy,data_security,What¡¦s the place where you store my information?,-3.4277148,-3.7642994,1.7883846,-3.309586,-3.4918113,-3.232256,-3.5347762,-3.6946306,-3.493931,-3.730127,2
About Business Component,Overall,Doubt_usefulness,Please provide me reasons to use your service.,-3.242985,-3.3607523,-3.2680187,-3.3915446,-3.6998696,-3.289663,-3.0207844,-3.2339327,2.0421195,-3.1403275,8
About Business Component,Filling ,Information_saving,I do not want to repeatly enter the same information.,-3.4673874,-3.2956011,-3.1102417,-3.292788,-3.2995946,-3.2686555,2.17717,-3.5353074,-3.0813117,-3.549554,6
About Business Component,Overall,Doubt_usefulness,Tell us the benefit of your services,-3.1799061,-3.4269881,-3.2856686,-3.4270086,-3.6523528,-3.340588,-3.115069,-3.3187666,1.9466718,-3.1688542,8
About Techology,AI Techology,AI_summary,Why did you use Machine Learning on your service?,2.0123088,-3.204421,-3.1575425,-3.577019,-3.5195327,-3.1590018,-3.323855,-3.1829371,-2.9939601,-3.0383396,0
About Techology,Data Security & Privacy,sensitive_data_storage,I hope not that my personal data will persist on your cloud.,-3.480445,-3.026891,-3.1155367,-3.3126593,2.2345114,-3.2263677,-3.4104743,-3.2548854,-3.8101254,-3.282382,4
About Business Component,Overall,Flow_summary,What should I do to work?,-3.2620227,-3.2635446,-3.4917097,-3.3662894,-3.1878042,-2.871504,-3.483696,2.031037,-2.985237,-3.3034232,7
About Business Component,Overall,Service_Summary,Could you tell us what you do?,-3.129169,-3.3156705,-3.434768,-3.1981828,-3.230404,-3.4026415,-3.4083204,-3.2310627,-3.0359938,2.037058,9
About Techology,iAM SMART Integration,data_exchange_iamsmart,Will my bank account number be leaked to i am smart?,-3.607004,-3.011115,-3.023352,2.0096145,-3.2843091,-3.1758583,-3.301126,-3.452108,-3.477694,-3.0730035,3
About Techology,AI Techology,AI_summary,Why does you use AI?,1.9222803,-3.2233646,-3.183106,-3.5674524,-3.5573606,-3.1501012,-3.38566,-3.24675,-3.0630722,-3.0677562,0
About Business Component,Overall,Doubt_usefulness,What benefits could you bring to me?,-3.1913521,-3.3814626,-3.2271006,-3.4179885,-3.7088895,-3.3151484,-3.0119543,-3.2443087,2.0237236,-3.2087698,8
About Business Component,Filling ,Information_saving,What should we do if we want to save the full-in data?,-3.5515423,-3.3403077,-3.1636636,-3.4126706,-3.1027527,-3.4947145,2.0121834,-3.4017127,-3.1913939,-3.657503,6
About Business Component,Filling ,Information_saving,What Should I do if I want to save the filled-in data?,-3.5208852,-3.2532792,-3.1956441,-3.3404303,-3.0546682,-3.2512054,2.2195954,-3.4694147,-3.0625703,-3.5369546,6
About Techology,Data Security & Privacy,sensitive_data_storage,Are you gathering my personal data?,-3.627832,-3.2355285,-3.0606363,-3.3319883,2.0888898,-3.2233539,-3.4354737,-3.3151462,-3.940452,-3.234491,4
About Techology,Data Security & Privacy,sensitive_data_storage,Do you stores my personal data?,-3.521163,-3.001587,-3.0071197,-3.309228,2.224761,-3.3298583,-3.46487,-3.2700474,-3.8422318,-3.244754,4
About Business Component,Overall,Flow_summary,We don¡¦t know how to use the service.,-3.3059506,-3.1673937,-3.4654865,-3.5484152,-3.3094442,-3.0562677,-3.5429025,1.8341907,-3.0334823,-3.3430405,7
About the team,Our Contact,Contact_method,Please tell me the address of your company.,-3.4382656,-3.4519353,-3.4822176,-3.2484555,-3.5763187,2.0719974,-3.405236,-3.3680968,-3.3922067,-3.5230625,5
About Business Component,Overall,Service_Summary,Learn me to your business,-3.60173,-3.9249797,-3.833479,-3.6521826,-3.7985356,-3.7393823,-3.722964,-1.1700844,-3.0371723,0.44651893,9
About Business Component,Overall,Service_Summary,Are you just offering an application form-filling service?,-3.3406608,-3.1496835,-3.441136,-3.241861,-3.2427104,-3.49653,-3.584235,-2.8588834,-3.2379756,1.9224277,9
About Techology,Data Security & Privacy,sensitive_data_storage,Is the information that I fill in stored?,-3.5418613,-3.022878,-3.09895,-3.448712,2.1520808,-3.2100348,-3.454627,-3.2818012,-3.8320599,-3.2423906,4
About Techology,iAM SMART Integration,data_exchange_iamsmart,Will i am smart receiving all my personal data?,-3.5921543,-3.0720959,-3.1183972,1.9547791,-3.2293308,-3.2928226,-3.2488437,-3.4977815,-3.4227405,-3.1089323,3
About Business Component,Overall,Doubt_usefulness,But why do I have to use your service?,-3.1481082,-3.373399,-3.2327065,-3.4558847,-3.7546163,-3.372915,-3.0025768,-3.1977327,2.014042,-3.271034,8
About Business Component,Overall,Flow_summary,What I do to work?,-3.1080985,-3.3384237,-3.4587913,-3.4415343,-3.2011402,-2.9414012,-3.5524476,1.9728136,-3.0648596,-3.3066652,7
About Business Component,Overall,Service_Summary,Are you offering only a Form filling service?,-3.1871793,-3.2509346,-3.4069374,-3.1945183,-3.2125514,-3.3732646,-3.459331,-3.20845,-3.0544574,2.0333738,9
About Business Component,Filling ,Information_saving,Is your system going to remember my details so I won¡¦t have to fill it on twice?,-3.5186515,-3.3587866,-3.3671455,-3.4749374,-3.3013864,-3.2491593,2.0590413,-3.2654674,-3.086549,-3.6344879,6
About Business Component,Filling ,Information_saving,Will your system keep in mind My information so I won't need to fill it in twice?,-3.4058053,-3.352658,-3.2763624,-3.4328551,-3.2165558,-3.314517,2.0898442,-3.5104263,-3.0818586,-3.6285937,6
About Business Component,Filling ,Information_saving,Will your system keep in mind my information so that I won¡¦t have to fill it in twice?,-3.4117894,-3.329147,-3.2681735,-3.45216,-3.2354178,-3.2847152,2.1349385,-3.482378,-3.0207992,-3.618669,6
About Business Component,Overall,Service_Summary,So what type of service are you offering?,-3.097882,-3.285076,-3.4201663,-3.0901859,-3.2277293,-3.3611832,-3.4876058,-3.1605504,-3.0799432,2.0986454,9
About Techology,Data Security & Privacy,data_security,Will iamsmART collect my information even if I do not use iAM SMART service?,-3.3408325,-3.3981106,2.17638,-3.0574584,-3.3676667,-3.3031325,-3.4889188,-3.6161644,-3.267346,-3.4887655,2
About Business Component,Overall,Flow_summary,Teach me how to use your form filling service step by step,-3.2744758,-3.327148,-3.4449675,-3.3554451,-3.1453333,-2.9443836,-3.4964626,1.9831007,-3.0562003,-3.3015683,7
About Techology,Data Security & Privacy,sensitive_data_storage,Will My Personal Data be Stored in Your Cloud?,-3.4081233,-3.0828748,-3.1171904,-3.363665,2.1862946,-3.272173,-3.4982855,-3.2530534,-3.826305,-3.2501674,4
About Techology,iAM SMART Integration,data_exchange_iamsmart,"If I use iAMsmart, will this mean I will share every input with them as well?",-3.6994205,-3.0118322,-2.9860873,2.044391,-3.3166757,-3.147157,-3.2724109,-3.3952134,-3.4069748,-3.0018115,3
About Business Component,Overall,Doubt_usefulness,How much time can I save with your service?,-3.1887777,-3.3502576,-3.2637572,-3.4176853,-3.6830764,-3.342171,-3.0190167,-3.20487,2.0341086,-3.2163382,8
About the team,Our Contact,Contact_method,what is Your number?,-3.3676584,-3.5160203,-3.4554393,-3.236688,-3.5665278,2.0815756,-3.4529774,-3.3009837,-3.408359,-3.5235527,5
About Techology,iAM SMART Integration,Without_iamsmart,I¡¦m not trying to create an i AM SMART account. what can I do if so?,-3.1099977,2.0300333,-3.6200595,-3.2577062,-3.2227128,-3.3937478,-3.3551722,-3.275309,-3.4922895,-3.5060236,1
About Techology,Data Security & Privacy,sensitive_data_storage,To check if my personal data is stored on your side.,-3.5543668,-3.0627785,-3.1323016,-3.3727562,2.1630037,-3.1949549,-3.491113,-3.2392972,-3.8690991,-3.294211,4
About Techology,iAM SMART Integration,Without_iamsmart,Tell me how to use your service without utilizing iAMSMART,-3.2118745,2.1217935,-3.5433056,-3.1931844,-3.1087637,-3.3297791,-3.362137,-3.236288,-3.5078125,-3.4886081,1
About Business Component,Overall,Service_Summary,Let you say more about your service,-3.1394155,-3.362569,-3.6091514,-3.1112819,-3.1866796,-3.4177828,-3.3526318,-3.1544952,-2.982724,2.0350718,9
About Business Component,Filling ,Information_saving,Will your system remember my information so I¡¦m not going to have to fill it on twice?,-3.4236565,-3.2811246,-3.2234664,-3.4338295,-3.2668555,-3.2600937,2.1667423,-3.4381378,-3.0661721,-3.5866013,6
About Business Component,Overall,Doubt_usefulness,So how much time could I save with your service?,-3.185933,-3.3513992,-3.2702236,-3.4207962,-3.683141,-3.3183255,-3.004372,-3.1914558,2.0451384,-3.2229702,8
About Techology,AI Techology,AI_summary,How can AI help me in your service?,2.0167525,-3.1686144,-3.1566765,-3.5285275,-3.496037,-3.1081347,-3.3784347,-3.1423233,-3.088268,-3.0539944,0
About Business Component,Filling ,Information_saving,Does it have to be filled over in the same field twice?,-3.4743946,-3.2912078,-3.1504476,-3.4711578,-3.1520324,-3.3015969,2.0898948,-3.5646195,-3.112062,-3.6882055,6
About Techology,Data Security & Privacy,sensitive_data_storage,Do You Story My Personal Data?,-3.8797975,-3.3232808,-3.1281538,-2.7969127,1.7102749,-3.579528,-3.5029044,-3.4447665,-4.1945744,-3.4593303,4
About Techology,Data Security & Privacy,sensitive_data_storage,Is information that I have filled in stored?,-3.5518644,-3.013939,-3.136082,-3.3987455,2.135581,-3.2356439,-3.4785805,-3.2821393,-3.8612263,-3.262786,4
About Business Component,Overall,Service_Summary,Introducing me to your business,-3.1836874,-3.410749,-3.4396555,-3.1337233,-3.2394493,-3.357352,-3.4829793,-3.2239246,-3.0857718,1.9915526,9
About Business Component,Filling ,Information_saving,We do not want to enter the same news repeatedly.,-3.5986032,-3.2632205,-3.2920752,-3.3314803,-3.331298,-3.208507,2.0428972,-3.4795227,-3.1465917,-3.6060126,6
About Techology,iAM SMART Integration,data_exchange_iamsmart,"If I use iAMSMART, does it mean that I will share every entry with them as well?",-3.7323837,-2.9564922,-2.9837625,2.001954,-3.3623772,-3.1295552,-3.2584534,-3.4768977,-3.4456444,-3.0841372,3
About Techology,Data Security & Privacy,sensitive_data_storage,Is the information I filled in stored?,-3.5480328,-3.0812607,-3.0980146,-3.439742,2.1226861,-3.2288055,-3.4406848,-3.2863548,-3.8457682,-3.2884276,4
About Techology,Data Security & Privacy,sensitive_data_storage,Would You save My personal data?,-3.5250807,-3.0222287,-3.083666,-3.4095635,2.1706538,-3.2338111,-3.457959,-3.2990148,-3.8003705,-3.289124,4
About Business Component,Overall,Flow_summary,Guide Me Thro The Form Filling Process,-3.3182626,-3.2721317,-3.5012755,-3.3428752,-3.1354973,-2.9241917,-3.3995986,1.9975034,-3.0518692,-3.3658025,7
About Business Component,Overall,Doubt_usefulness,What are the proses of using Fill Easy?,-2.8347855,-3.41197,-3.3801143,-3.441107,-3.8179703,-3.5530696,-3.0186136,-3.2906063,1.9135091,-3.2229433,8
About Techology,Data Security & Privacy,data_security,Would the government have an access to my personal data?,-3.2318933,-3.5153623,2.214272,-3.153676,-3.248526,-3.3049324,-3.524091,-3.6008754,-3.276946,-3.521463,2
About Techology,AI Techology,AI_summary,How can your Artificial Intelligence technology help me fill in forms?,1.9787959,-3.2477274,-3.112901,-3.557431,-3.4997659,-3.1934013,-3.292155,-3.2338858,-3.058617,-3.0479934,0
About Techology,iAM SMART Integration,data_exchange_iamsmart,Would i am smart know my banking details?,-3.7116594,-3.0980418,-3.0664644,1.9301772,-3.325485,-3.315112,-3.275506,-3.4333892,-3.4620345,-3.0687828,3
About Techology,iAM SMART Integration,data_exchange_iamsmart,"If I use iAMSMART, does it mean that I am going to share each input with them too?",-3.6460054,-3.0465105,-3.059503,1.9849193,-3.3355875,-3.17453,-3.3131204,-3.417719,-3.4236138,-3.0584657,3
About Techology,iAM SMART Integration,data_exchange_iamsmart,Will my information definitely be handed over with i am smart?,-3.8583739,-3.1400456,-2.501923,1.7276856,-3.2340956,-3.4234064,-3.184981,-3.7653701,-3.6868954,-3.3168068,3
About Techology,Data Security & Privacy,data_security,Is the information crypted?,-3.6307168,-3.847375,1.3801582,-3.4710352,-2.579911,-3.572871,-3.70481,-3.967006,-3.7870293,-3.660496,2
About Business Component,Overall,Service_Summary,I wish to learn more about the service you provide.,-3.1153116,-3.3526382,-3.434896,-3.1302938,-3.2651787,-3.465303,-3.405088,-3.1711638,-3.0949624,2.035072,9
About the team,Our Contact,Contact_method,can we go to your office?,-3.3774517,-3.46011,-3.4137566,-3.24411,-3.5569327,2.1128628,-3.392381,-3.321274,-3.4299254,-3.500803,5
About Business Component,Overall,Doubt_usefulness,Tell Me The Benefit of Your Service,-3.1573606,-3.3688886,-3.2513025,-3.391837,-3.639882,-3.3509192,-3.0483046,-3.2617314,2.0257134,-3.1910872,8
About Techology,Data Security & Privacy,data_security,Will IAMSMART take on my information even if I don't utilize the iAMSMART service?,-3.2853463,-3.401934,2.1947758,-3.2185774,-3.3342571,-3.2815802,-3.4009821,-3.5802166,-3.2522247,-3.4520438,2
About Techology,Data Security & Privacy,data_security,Do you have to sell my data?,-3.240179,-3.5014343,2.1988132,-3.2128396,-3.3484056,-3.348753,-3.4074016,-3.609626,-3.2245343,-3.5054734,2
About Business Component,Overall,Service_Summary,Do you only offer a full-up form-up service?,-3.3441966,-3.2000008,-3.3734791,-3.357123,-3.1698937,-3.4942524,-3.5493255,-3.094313,-3.2074282,1.8615713,9
About Techology,Data Security & Privacy,data_security,Would it be that the government will have access to my personal data?,-3.300913,-3.560263,2.1841304,-3.0306811,-3.2890189,-3.2964513,-3.5346117,-3.643719,-3.31043,-3.5272245,2
About Business Component,Overall,Flow_summary,How to Use Your Fill Form Serivce,-3.2326233,-3.209355,-3.4051557,-3.3282857,-3.0800686,-3.1099114,-3.4897442,1.9215386,-3.1390693,-3.4447448,7
About Business Component,Overall,Flow_summary,How to use your form-filling serivce,-3.2414982,-3.2556615,-3.387679,-3.3455877,-3.0958636,-2.9639082,-3.5805168,1.9574593,-3.1494696,-3.3312483,7
About Business Component,Overall,Service_Summary,I want to know a more about the service you offer.,-3.1047003,-3.283442,-3.4016821,-3.074532,-3.2054784,-3.3766754,-3.4293551,-3.2892082,-3.0503483,2.0788665,9
About the team,Our Contact,Contact_method,Where to send this e-mail if I want to get in touch?,-3.3560913,-3.4544938,-3.4689946,-3.1456172,-3.5000467,2.1430516,-3.3125951,-3.362887,-3.4495354,-3.5564022,5
About Techology,Data Security & Privacy,data_security,Are you going to sell my data?,-3.2504342,-3.4960718,2.2173083,-3.1798153,-3.2754126,-3.3478482,-3.4387329,-3.6205006,-3.2370906,-3.4862063,2
About Business Component,Overall,Service_Summary,And what service should I receive?,-3.178139,-3.3068452,-3.4122486,-3.1509795,-3.2632017,-3.349001,-3.470998,-3.1013436,-3.107918,2.0569184,9
About Techology,Data Security & Privacy,data_security,Are you looking to sell my data?,-3.233714,-3.5153394,2.2093189,-3.1675549,-3.3121424,-3.3441613,-3.4388986,-3.6351898,-3.2479563,-3.5015419,2
About Techology,AI Techology,AI_summary,How can Your Machine Learning Technology Help Me Fill Forms?,1.9861809,-3.2665977,-3.1412063,-3.5858204,-3.5215914,-3.1767807,-3.3384087,-3.1432295,-3.0242448,-3.0580394,0
About Techology,AI Techology,AI_summary,Tells me about ML in your business.,1.9212396,-3.2213573,-3.314545,-3.5701416,-3.5102906,-3.1349757,-3.4543972,-3.1226668,-3.0906744,-2.9518065,0
About Techology,AI Techology,AI_summary,how does FillEasy integrate ML technology?,1.9603237,-3.1833827,-3.1394346,-3.5210626,-3.5344954,-3.2161837,-3.3392656,-3.1729617,-3.0985672,-3.0884416,0
About Techology,Data Security & Privacy,sensitive_data_storage,Are the information which I fill in stored?,-3.5176675,-3.0216818,-3.0694914,-3.4484289,2.189116,-3.2067428,-3.400031,-3.2678256,-3.829556,-3.2570736,4
About Techology,AI Techology,AI_summary,how can AI help me in your service?,2.0167525,-3.1686144,-3.1566765,-3.5285275,-3.496037,-3.1081347,-3.3784347,-3.1423233,-3.088268,-3.0539944,0
About Business Component,Overall,Service_Summary,I don't know what service you offer.,-3.2149885,-3.3456151,-3.4207382,-3.1211698,-3.191767,-3.3780289,-3.4900808,-3.156061,-3.12391,2.0284078,9
About Techology,iAM SMART Integration,data_exchange_iamsmart,Will IAMSMART receive all my personal data?,-3.695357,-3.041462,-3.1261542,1.9452881,-3.2154322,-3.2949927,-3.3690667,-3.3793597,-3.434152,-3.1328077,3
About Techology,Data Security & Privacy,data_security,Do other parties gain access to my information?,-3.1875908,-3.533688,2.2193456,-3.2185388,-3.3228822,-3.2974107,-3.4584582,-3.5518186,-3.26561,-3.4446647,2
About Business Component,Overall,Service_Summary,What are you guys doing?,-3.1493428,-3.3508337,-3.4511864,-3.1425395,-3.15414,-3.2272627,-3.4976714,-3.2621043,-3.1445105,2.018595,9
About the team,Our Contact,Contact_method,And how can I get you guys?,-3.371381,-3.4337134,-3.4574103,-3.2503,-3.560711,2.1224678,-3.373126,-3.2964978,-3.3946068,-3.5302436,5
About Techology,iAM SMART Integration,Without_iamsmart,Can I still subscribe to use the service if I don¡¦t have an iAM SMART account?,-3.208253,2.1021838,-3.4691064,-3.1720428,-3.1261523,-3.3596535,-3.361004,-3.3487525,-3.5043168,-3.5029397,1
About Business Component,Overall,Service_Summary,What services do I receive?,-3.1876094,-3.3562424,-3.400594,-3.1590378,-3.1737375,-3.379525,-3.4893162,-3.2854466,-3.134665,1.98668,9
About Techology,iAM SMART Integration,Without_iamsmart,Can I use the form filling function without a i AM SMART account,-3.133078,2.176223,-3.5425155,-3.2052772,-3.1143746,-3.3388891,-3.3490555,-3.185743,-3.43944,-3.461936,1
About Business Component,Overall,Service_Summary,Could you say me what you do?,-3.044211,-3.3236642,-3.513342,-3.147574,-3.307485,-3.4558754,-3.3367198,-3.08086,-2.9316726,2.110963,9
About Techology,Data Security & Privacy,sensitive_data_storage,I want to check if our personal data is stored on your side.,-3.5331974,-3.0606134,-3.093631,-3.3590157,2.1927,-3.244719,-3.4686494,-3.266701,-3.8512173,-3.234628,4
About the team,Our Contact,Contact_method,Where do I get your contacts?,-3.419122,-3.5018508,-3.4732165,-3.2353065,-3.5831456,2.078039,-3.3839157,-3.2786546,-3.4624104,-3.536078,5
About Business Component,Filling ,Information_saving,Do I need to complete the same fields as I use your service again?,-3.5451393,-3.167263,-3.2936952,-3.3907452,-3.2185533,-3.3135254,2.0860605,-3.4584343,-3.1611056,-3.687033,6
About Business Component,Overall,Flow_summary,guide me through the form filling process,-3.2960584,-3.3168721,-3.4749107,-3.397773,-3.0867898,-2.9612284,-3.4973874,1.9695951,-3.1082103,-3.2624526,7
About Business Component,Filling ,Information_saving,"If I want to complete in two forms, will I need to fill out in the same information twice?",-3.4436152,-3.275095,-3.1538467,-3.3033178,-3.2855668,-3.3074489,2.1705415,-3.4763231,-3.0866737,-3.6290119,6
